<?xml version='1.0' encoding='UTF-8' ?>
<pdashReportArchive version="1.0">
  <file name="arch_item_14.htm" contentType="text/html;charset=UTF-8" />
  <file name="arch_item_95.png" contentType="image/png" />
  <file name="arch_item_28.png" contentType="image/png" />
  <file name="arch_item_81.htm" contentType="text/html;charset=UTF-8" />
  <file name="arch_item_2.htm" contentType="text/html;charset=UTF-8" />
  <file name="arch_item_100.png" contentType="image/png" />
  <file name="arch_item_83.htm" contentType="text/html;charset=UTF-8" />
  <file name="arch_item_60.png" contentType="image/png" />
  <file name="arch_item_39.htm" contentType="text/html;charset=UTF-8" />
  <file name="arch_item_73.htm" contentType="text/html;charset=UTF-8" />
  <file name="arch_item_34.png" contentType="image/png" />
  <file name="arch_item_47.htm" contentType="text/html;charset=UTF-8" />
  <file name="arch_item_77.png" contentType="image/png" />
  <file name="arch_item_50.htm" contentType="text/html;charset=UTF-8" />
  <file name="arch_item_16.htm" contentType="text/html;charset=UTF-8" />
  <file name="arch_item_4.htm" contentType="text/html;charset=UTF-8" />
  <file name="arch_item_97.png" contentType="image/png" />
  <file name="arch_item_104.png" contentType="image/png" />
  <file name="arch_item_67.png" contentType="image/png" />
  <file name="arch_item_88.htm" contentType="text/html;charset=UTF-8" />
  <file name="arch_item_45.htm" contentType="text/html;charset=UTF-8" />
  <file name="arch_item_79.png" contentType="image/png" />
  <file name="arch_item_6.htm" contentType="text/html;charset=UTF-8" />
  <file name="arch_item_87.htm" contentType="text/html;charset=UTF-8" />
  <file name="arch_item_102.css" contentType="text/css" />
  <file name="arch_item_105.png" contentType="image/png" />
  <file name="arch_item_58.png" contentType="image/png" />
  <file name="arch_item_44.htm" contentType="text/html;charset=UTF-8" />
  <file name="arch_item_24.png" contentType="image/png" />
  <file name="arch_item_56.png" contentType="image/png" />
  <file name="arch_item_51.htm" contentType="text/html;charset=UTF-8" />
  <file name="arch_item_99.png" contentType="image/png" />
  <file name="arch_item_30.png" contentType="image/png" />
  <file name="arch_item_17.htm" contentType="text/html;charset=UTF-8" />
  <file name="arch_item_36.css" contentType="text/css" />
  <file name="arch_item_21.png" contentType="image/png" />
  <file name="arch_item_64.png" contentType="image/png" />
  <file name="arch_item_68.htm" contentType="text/html;charset=UTF-8" />
  <file name="arch_item_38.htm" contentType="text/html;charset=UTF-8" />
  <file name="arch_item_12.htm" contentType="text/html;charset=UTF-8" />
  <file name="arch_item_85.htm" contentType="text/html;charset=UTF-8" />
  <file name="arch_item_42.htm" contentType="text/html;charset=UTF-8" />
  <file name="arch_item_8.htm" contentType="text/html;charset=UTF-8" />
  <file name="arch_item_55.htm" contentType="text/html;charset=UTF-8" />
  <file name="arch_item_72.htm" contentType="text/html;charset=UTF-8" />
  <file name="arch_item_26.png" contentType="image/png" />
  <file name="arch_item_70.htm" contentType="text/html;charset=UTF-8" />
  <file name="arch_item_92.png" contentType="image/png" />
  <file name="arch_item_40.htm" contentType="text/html;charset=UTF-8" />
  <file name="arch_item_32.png" contentType="image/png" />
  <file name="arch_item_53.htm" contentType="text/html;charset=UTF-8" />
  <file name="arch_item_10.htm" contentType="text/html;charset=UTF-8" />
  <file name="arch_item_75.png" contentType="image/png" />
  <file name="arch_item_49.htm" contentType="text/html;charset=UTF-8" />
  <file name="arch_item_62.png" contentType="image/png" />
  <file name="arch_item_1.htm" contentType="text/html;charset=UTF-8" />
  <file name="arch_item_61.png" contentType="image/png" />
  <file name="arch_item_82.htm" contentType="text/html;charset=UTF-8" />
  <file name="arch_item_90.htm" contentType="text/html;charset=UTF-8" />
  <file name="arch_item_96.png" contentType="image/png" />
  <file name="arch_item_48.htm" contentType="text/html;charset=UTF-8" />
  <file name="arch_item_78.png" contentType="image/png" />
  <file name="arch_item_29.png" contentType="image/png" />
  <file name="arch_item_13.htm" contentType="text/html;charset=UTF-8" />
  <file name="arch_item_101.png" contentType="image/png" />
  <file name="arch_item_94.png" contentType="image/png" />
  <file name="arch_item_3.htm" contentType="text/html;charset=UTF-8" />
  <file name="arch_item_89.htm" contentType="text/html;charset=UTF-8" />
  <file name="arch_item_98.png" contentType="image/png" />
  <file name="arch_item_19.js" contentType="text/javascript" />
  <file name="arch_item_46.htm" contentType="text/html;charset=UTF-8" />
  <file name="arch_item_15.htm" contentType="text/html;charset=UTF-8" />
  <file name="arch_item_35.png" contentType="image/png" />
  <file name="arch_item_80.htm" contentType="text/html;charset=UTF-8" />
  <file name="arch_item_5.htm" contentType="text/html;charset=UTF-8" />
  <file name="arch_item_23.png" contentType="image/png" />
  <file name="arch_item_66.png" contentType="image/png" />
  <file name="arch_item_52.htm" contentType="text/html;charset=UTF-8" />
  <file name="arch_item_74.png" contentType="image/png" />
  <file name="arch_item_31.png" contentType="image/png" />
  <file name="arch_item_22.png" contentType="image/png" />
  <file name="arch_item_65.png" contentType="image/png" />
  <file name="arch_item_18.htm" contentType="text/html;charset=UTF-8" />
  <file name="arch_item_91.png" contentType="image/png" />
  <file name="arch_item_7.htm" contentType="text/html;charset=UTF-8" />
  <file name="arch_item_69.htm" contentType="text/html;charset=UTF-8" />
  <file name="arch_item_59.png" contentType="image/png" />
  <file name="arch_item_43.htm" contentType="text/html;charset=UTF-8" />
  <file name="arch_item_86.htm" contentType="text/html;charset=UTF-8" />
  <file name="arch_item_25.png" contentType="image/png" />
  <file name="arch_item_20.png" contentType="image/png" />
  <file name="arch_item_11.htm" contentType="text/html;charset=UTF-8" />
  <file name="arch_item_33.png" contentType="image/png" />
  <file name="arch_item_76.png" contentType="image/png" />
  <file name="arch_item_103.htm" contentType="text/html;charset=UTF-8" />
  <file name="arch_item_93.png" contentType="image/png" />
  <file name="arch_item_63.png" contentType="image/png" />
  <file name="arch_item_0.htm" contentType="text/html;charset=UTF-8" isDefault="true" />
  <file name="arch_item_37.htm" contentType="text/html;charset=UTF-8" />
  <file name="arch_item_9.htm" contentType="text/html;charset=UTF-8" />
  <file name="arch_item_27.png" contentType="image/png" />
  <file name="arch_item_57.png" contentType="image/png" />
  <file name="arch_item_54.htm" contentType="text/html;charset=UTF-8" />
  <file name="arch_item_41.htm" contentType="text/html;charset=UTF-8" />
  <file name="arch_item_71.htm" contentType="text/html;charset=UTF-8" />
  <file name="arch_item_84.htm" contentType="text/html;charset=UTF-8" />
</pdashReportArchive>